氏名,氏名（ひらがな）,年齢,生年月日,性別,血液型,メールアドレス,電話番号,携帯電話番号,郵便番号,住所,会社名,クレジットカード,有効期限,マイナンバー
黒田 志織,くろだ しおり,21,2001年07月25日,女,A,shiori_kuroda@example.com,06-4746-0391,090-7314-4305,585-3290,大阪府大阪市東住吉区桑津1-1-14,株式会社フォーシーズン,4764673931831426,11/23,989507293010
守屋 健彦,もりや たけひこ,76,1946年02月19日,男,O,moriya_takehiko@example.org,06-1769-7767,050-2098-3895,530-3401,大阪府大阪市東住吉区北田辺1丁目1番地8号,,373267457508368,05/24,946398276087
前原 美弥子,まえはら みやこ,20,2002年02月26日,女,O,miyako_maehara@example.org,03-6093-3919,050-5135-3275,178-3695,東京都江東区大島1丁目1番9号,株式会社HANA,375597680017953,10/25,473955960594
日高 篤史,ひだか あつし,38,1983年12月19日,その他・不明,O,atsushi_hidaka@example.co.jp,03-0253-6941,050-8417-7983,165-0714,東京都葛飾区堀切4丁目3番7号,有限会社モリタ,4792952745255071,06/24,518653087879
石野 明日香,いしの あすか,29,1992年12月20日,女,A,ishino1220@example.org,0493-02-5303,050-5388-3412,342-7235,埼玉県越谷市大間野町2-4-14,株式会社アンサー,375151186447908,07/24,663444590440
成瀬 篤,なるせ あつし,26,1996年06月24日,男,A,naruse_atsushi@example.ne.jp,06-6283-4084,090-8882-0566,553-6763,大阪府大阪市中央区南本町1-2-18,有限会社ツカサ,5320518011158485,12/23,653075866520
塚本 信幸,つかもと のぶゆき,21,2001年07月31日,男,A,tsukamoto731@example.com,06-2977-0365,090-3253-1199,577-1941,大阪府大阪市西区新町3-2-801,株式会社ヤマイチ,3565044939986872,06/26,164963840740
山口 潤,やまぐち じゆん,65,1957年03月10日,男,A,yamaguchijun@example.org,03-9761-1797,070-0380-2841,125-4672,東京都中野区野方3-4-6,,372826701122507,06/24,561129856523
玉木 貴士,たまき たかし,32,1989年11月04日,男,B,tamaki_114@example.co.jp,0532-72-2000,070-5288-8010,493-5627,愛知県大府市桃山町3-2-17,株式会社ユニオン,3556805425221045,06/24,745031906186
竹本 祐規,たけもと ゆうき,29,1992年10月01日,男,O,takemoto_101@example.jp,0532-23-1990,080-7889-5669,488-2998,愛知県名古屋市天白区梅が丘3-4-203,,5435736084768228,01/25,988526578991
生嶋 隼人,いくしま はやと,60,1961年09月14日,男,A,ikushima_914@example.co.jp,03-5016-2260,080-6419-0759,149-5164,東京都台東区千束4丁目2番7号,,3536409233904523,06/27,795850324878
福島 俊男,ふくしま としお,62,1960年05月04日,男,B,fukushima_toshio@example.co.jp,03-6245-5081,080-8692-2564,192-8962,東京都新宿区西新宿1-5-9,,4490447768237416,04/24,297965582854
永井 勝彦,ながい かつひこ,45,1977年07月30日,男,B,nagai_katsuhiko@example.net,0586-04-9528,090-3642-0514,489-5309,愛知県春日井市瑞穂通1丁目3番7号,株式会社MIRAI,5541710148748261,05/27,970154676170
古川 陽平,ふるかわ ようへい,23,1998年10月06日,男,O,furukawa106@example.net,0220-57-1768,090-3047-1649,986-2092,宮城県仙台市宮城野区福田町4丁目3番10号,有限会社ユニバース,5538841436884040,02/26,631171662524
本田 睦美,ほんだ むつみ,65,1957年05月27日,女,B,mutsumi_honda@example.org,0467-64-2123,080-9674-7207,245-3593,神奈川県横浜市中区尾上町1-3-22,,5288818718633412,11/23,558669061995
岡本 えり,おかもと えり,63,1959年01月29日,女,O,okamoto_eri@example.net,03-6750-2974,090-4134-0358,157-6934,東京都世田谷区上馬1丁目1番7号,,4793425858575899,03/25,176124596514
稲田 雅子,いなだ まさこ,79,1942年12月25日,女,B,masakoinada@example.net,03-2486-7680,070-7544-6459,145-1164,東京都杉並区荻窪3丁目3番地10号,,3542412403738129,10/26,176961717540
佐藤 裕子,さとう ゆうこ,62,1960年03月02日,女,B,satoyuko@example.com,0480-91-0952,070-2586-3740,358-4458,埼玉県さいたま市大宮区桜木町1-1-107,,3550009698480547,02/24,998359464992
長谷川 裕美子,はせがわ ゆみこ,51,1970年11月21日,女,A,yumiko_hasegawa@example.net,06-5135-9518,050-5000-7999,595-2099,大阪府大阪市淀川区西三国1-3-309,有限会社ビーンズ,371004872236362,04/27,988229594597
森 祐史,もり ひろし,35,1987年01月17日,その他・不明,A,yujimori@example.ne.jp,0463-56-6620,080-4077-9797,220-4400,神奈川県川崎市高津区久地2丁目2番地10号,株式会社セイワ,5384080413875573,03/26,036793869414
松本 光宏,まつもと みつひろ,41,1981年03月19日,男,B,matsumotomitsuhiro@example.net,0968-87-3141,090-4586-5444,863-3973,熊本県熊本市東区花立1丁目1番6号,有限会社ピュア,4636000654625338,10/24,808616641902
小川 誠,おがわ まこと,73,1949年02月10日,男,A,ogawamakoto@example.co.jp,03-4017-3075,050-1895-1528,126-5206,東京都江東区亀戸2-5-6,,374459712489240,04/25,517048984676
中野 しのぶ,なかの しのぶ,55,1966年10月01日,その他・不明,B,shinobunakano@example.jp,01632-1-0715,050-2908-3352,007-1639,北海道江別市五条4丁目3番8号,有限会社ユーアイ,4266878493715643,12/22,532441899744
田中 由佳,たなか ゆか,69,1952年12月24日,女,O,tanaka_yuka@example.ne.jp,0964-28-8975,080-1958-2496,865-2162,熊本県熊本市中央区南熊本3丁目2番10号,,379865209044857,09/22,332659114782
田添 秀典,たぞえ ひでのり,45,1977年01月01日,男,A,tazoe_11@example.net,03-3603-0419,070-6115-2946,173-5999,東京都台東区元浅草3-4-12,株式会社ガイア,379365903330454,02/23,641865438708
田中 誠,たなか まこと,64,1958年01月17日,男,AB,tanaka117@example.ne.jp,0476-08-6862,070-0688-1339,286-3150,千葉県佐倉市ユーカリが丘1-4-9,,376494297180540,12/25,330169950660
西脇 真由美,にしわき まゆみ,70,1951年08月28日,女,A,mayuminishiwaki@example.net,0465-88-8596,050-9479-7360,234-6226,神奈川県綾瀬市落合北2-4-10,,3587956283231767,06/25,413440923790
遠藤 朋佳,えんどう ともか,42,1979年10月30日,女,O,endo_1030@example.ne.jp,03-4979-0979,080-7407-0577,133-8397,東京都東村山市多摩湖町3-3-9,株式会社グリーンフィールド,378070394170895,10/25,805733158458
福室 香織,ふくむろ かおり,73,1949年04月03日,女,B,kaori_fukumuro@example.org,0848-86-4370,070-4067-5863,729-5626,広島県広島市西区庚午中2-2-15,,372462987698018,10/22,568595184734
森田 孝彰,もりた たかあき,24,1998年03月14日,男,A,takaaki_morita@example.org,06-1880-9068,080-5832-5207,557-0776,大阪府東大阪市稲葉2-5-19,有限会社レオ,374565180578973,04/24,641680831578
滝沢 真一,たきざわ しんいち,44,1978年08月15日,男,AB,takizawa_815@example.org,03-0206-9970,090-2263-2778,159-7629,東京都渋谷区恵比寿2-2-15,株式会社ファミリア,4960014608203650,05/25,834007556797
大嶋 正明,おおしま まさあき,23,1999年05月12日,男,A,oshima_masaaki@example.org,048-084-4629,050-4549-2831,342-4504,埼玉県蕨市中央2丁目3番6号,株式会社アイテム,3549691124871813,04/26,588662882019
長井 久枝,ながい ひさえ,60,1962年07月30日,女,A,hisae_nagai@example.co.jp,0288-20-7354,070-0680-7254,325-3868,栃木県宇都宮市東宿郷2-1-12,,372614858605841,05/23,205917492612
小林 哲,こばやし さとし,55,1967年08月07日,男,A,kobayashi87@example.co.jp,0993-50-9845,050-2867-8396,894-0057,鹿児島県鹿児島市谷山中央4丁目1番7号,株式会社タイム,377202883126820,01/24,149903803901
小浦 俊雄,こうら としお,29,1992年09月04日,男,O,toshio_koura@example.jp,03-3341-5116,080-7148-2662,178-0017,東京都中央区日本橋本町3-3-5,有限会社石川工務店,379370986033983,12/22,532407286415
小橋川 舞,こばしがわ まい,76,1946年05月27日,女,A,kobashigawamai@example.net,0226-01-9738,050-5285-6752,989-4802,宮城県石巻市鹿妻南2丁目3番5号,,371210148248301,09/23,578015961521
千葉 貴志,ちば たかし,62,1960年07月27日,男,A,takashichiba@example.ne.jp,06-5946-2086,080-3555-9305,581-1310,大阪府高石市取石3丁目3番6号,,370780558762653,11/22,658967041063
堤 康平,つつみ こうへい,62,1959年12月30日,男,O,koheitsutsumi@example.net,03-5074-8834,090-8333-0345,149-9005,東京都江戸川区松島1-5-4,,3541597687308663,04/24,749501528340
清水 優華,しみず ゆか,64,1958年01月25日,女,O,shimizu125@example.jp,0563-54-0520,090-8436-8024,498-0632,愛知県一宮市三ツ井3丁目2番4号,,374776718961660,10/26,374888415090
松下 康,まつした やすし,45,1977年02月19日,男,B,matsushita_yasushi@example.org,03-8400-1904,050-5154-6638,151-3707,東京都豊島区長崎2丁目2番8号,株式会社木村商店,379496277040153,11/24,634883280546
関 貴之,せき たかゆき,80,1942年06月02日,男,O,seki62@example.co.jp,03-7062-6147,050-9395-9060,203-0355,東京都港区赤坂3丁目2番7号,,5562534476357865,10/23,856352021913
猪瀬 洋,いのせ ひろし,23,1999年08月07日,男,A,inose_hiroshi@example.jp,0276-94-2702,070-4574-3528,377-0452,群馬県前橋市千代田町2丁目2番5号,有限会社セントラル,376082971660844,05/26,459873323496
宮田 正男,みやた まさお,59,1962年09月12日,男,A,miyatamasao@example.ne.jp,03-8036-6991,090-1078-2561,105-2429,東京都三鷹市中原2-2-14,株式会社フレンズ,4580697905399708,03/25,442832200312
伊藤 愛,いとう あい,31,1990年12月06日,女,O,ito126@example.ne.jp,0264-44-5759,050-1129-7899,389-7268,長野県長野市安茂里小市1-3-208,株式会社司,4580047756631256,05/23,812859817895
古田 晃,ふるた あきら,48,1974年08月13日,男,A,akirafuruta@example.org,03-1136-5525,050-1118-1126,100-2100,東京都江東区東砂3-2-1201,有限会社トーワ,3535254917469489,10/24,705566074587
根岸 剛,ねぎし つよし,63,1959年01月27日,男,O,negishitsuyoshi@example.co.jp,03-9944-1442,050-1925-0200,188-6405,東京都港区虎ノ門3-4-14,,5304974728975762,11/24,418683917901
山田 聖,やまだ まさし,75,1947年05月15日,男,O,yamada_satoshi@example.ne.jp,0868-69-7244,070-2762-3719,706-8764,岡山県倉敷市児島小川2丁目2番地6号,,5249717446485111,11/24,437196469175
柿沼 晴佳,かきぬま はるか,66,1955年09月15日,女,AB,kakinuma_haruka@example.org,0493-43-1756,050-2294-0561,334-0905,埼玉県川口市戸塚東3-3-6,,5422696792934493,06/25,209279889629
渡辺 剛,わたなべ つよし,75,1947年02月15日,男,A,watanabe_tsuyoshi@example.co.jp,0848-59-4846,050-7113-3852,734-0738,広島県三原市幸崎能地1-2-8,,4329803366024845,08/27,716111740580
木村 あやの,きむら あやの,50,1971年10月20日,女,O,kimura_ayano@example.net,0930-81-9583,050-8724-2148,806-7573,福岡県福岡市中央区薬院3丁目2番10号,株式会社ティーズ,379759977328131,01/26,561860488975
長本 麻里子,ながもと まりこ,75,1947年06月04日,女,B,nagamotomariko@example.net,06-4941-2125,080-2872-2312,565-1092,大阪府大阪市東淀川区豊里3-4-502,,5180521921397879,09/25,539433362540
加藤 裕也,かとう ゆうや,48,1973年11月16日,男,AB,kato_1116@example.net,0940-04-1370,080-5156-5743,802-3782,福岡県福岡市早良区百道浜2-1-12,有限会社ヨシオカ,4973462070527814,12/25,155990960040
落合 聡,おちあい あきら,55,1967年02月18日,男,B,satoshiochiai@example.com,03-0825-3657,070-7647-1830,150-2375,東京都新宿区高田馬場1-2-22,有限会社小林,3547576813434373,01/23,050359281797
今井 智世,いまい ちせ,57,1965年05月10日,女,B,tomoyo_imai@example.org,03-3459-1402,090-3310-9636,189-4742,東京都杉並区成田東1-2-6,株式会社恵,370102605024948,01/25,144549787683
古川 亜紀子,ふるかわ あきこ,34,1988年05月19日,女,O,furukawaakiko@example.jp,042-722-8305,050-9403-6162,348-1353,埼玉県川口市上青木西1丁目3番10号,有限会社エポック,4019689610489636,02/26,634485612601
岡部 宏樹,おかべ ひろき,61,1961年04月29日,男,O,hiroki_okabe@example.org,077-555-4799,050-4736-9883,618-3535,京都府京都市東山区大和大路通四条下る3-5-4,,4193365585882638,08/26,409965313694
福田 奈々,ふくだ なな,41,1981年01月26日,女,A,nana_fukuda@example.jp,0896-21-6724,090-3343-0496,793-0308,愛媛県松山市余戸東3-2-21,株式会社ツカサ,4142823782895235,12/22,383310515830
吉井 憲司,よしい けんじ,43,1978年10月16日,男,AB,kenjiyoshii@example.co.jp,06-6423-7911,080-2145-2467,543-9166,大阪府大阪市北区西天満2-5-601,株式会社さくらコーポレーション,371283025188759,10/26,593876699924
大沼 英人,おおぬま ひでと,41,1980年11月10日,男,B,hidetoonuma@example.com,06-8818-8598,050-8608-8221,537-9428,大阪府茨木市上穂積3-5-9,有限会社グランディール,4084227398345637,07/26,490634376698
薗田 みか,そのだ みか,30,1992年03月03日,その他・不明,B,mikasonoda@example.co.jp,0846-87-4382,050-2134-9961,738-4305,広島県福山市松永町2丁目2番9号,有限会社コンフォート,378034498719015,02/24,716103547836
島田 昌男,しまだ まさお,80,1942年01月28日,男,A,shimadamasao@example.net,0493-54-3416,080-0686-2585,355-1370,埼玉県新座市野火止1丁目3番7号,,3552023204840878,01/25,075651996708
鈴木 直樹,すずき なおき,24,1997年09月27日,男,A,naokisuzuki@example.com,03-9072-4096,090-8562-1057,196-7170,東京都足立区西新井本町3-4-20,株式会社ヤマダ,4145823895703844,07/25,959450237529
中澤 渉,なかざわ わたる,37,1985年02月19日,男,B,nakazawawataru@example.com,0561-69-9383,050-0112-4195,489-0164,愛知県名古屋市西区城西4丁目1番9号,有限会社泉商事,3588741530081036,09/23,489843185141
大坪 瑞枝,おおつぼ みずえ,71,1950年09月12日,女,O,otsubo912@example.net,03-5766-0109,080-3013-2934,209-5080,東京都町田市森野2-2-804,,372683102998039,07/27,687120516243
三留 吉人,みとめ よしと,44,1978年06月04日,男,B,mitome_yoshito@example.co.jp,06-2283-3299,050-2132-0432,577-3012,大阪府高槻市安岡寺町1-5-1208,株式会社メック,5291180106546903,07/27,989708706452
南 佳代子,みなみ かよこ,25,1997年08月20日,女,A,minami820@example.net,03-6230-1050,080-1057-4509,140-0908,東京都港区六本木2-5-4,株式会社大興,373123769288324,05/26,609431867227
脇田 貴史,わきた たかし,41,1981年02月27日,男,O,takashiwakita@example.co.jp,03-0996-7710,090-1691-8099,113-6780,東京都多摩市愛宕3丁目2番地8号,有限会社三喜,4296990374348461,03/26,974408982299
小松 修造,こまつ しゅうぞう,45,1977年07月13日,男,O,komatsushuzo@example.jp,03-5592-3315,090-2115-4110,120-5290,東京都千代田区麹町2丁目1番4号,株式会社SEED,4277706878627959,06/23,392347923830
小林 菜奈,こばやし なな,40,1982年07月28日,女,O,nana_kobayashi@example.com,0466-70-2478,050-2389-9363,237-2162,神奈川県横須賀市根岸町1-2-5,有限会社朝日,4370516520887497,05/25,348242167801
中村 久美子,なかむら くみこ,53,1969年06月30日,女,O,nakamura_kumiko@example.co.jp,06-6221-4601,070-9326-3338,594-5176,大阪府大阪市中央区難波1-2-13,有限会社サン,4637200957157398,02/26,701577024721
石原 誠,いしはら まこと,73,1949年07月20日,男,O,makotoishihara@example.jp,03-4332-2426,050-3374-4291,188-3273,東京都千代田区飯田橋2-3-7,,5552932051522576,10/22,110394988537
竹内 圭佑,たけうち けいすけ,45,1977年02月22日,男,A,takeuchi_keisuke@example.ne.jp,055-014-8888,090-3941-6601,429-3642,静岡県三島市徳倉3-5-606,株式会社スリーエス,5464064283497919,01/23,329761748663
木村 俊介,きむら しゅんすけ,65,1956年09月09日,男,B,kimura_99@example.com,0162-20-6137,070-9384-8601,066-1652,北海道札幌市清田区清田七条2-3-4,,3543590212595027,09/26,346776698206
北川 陽平,きたがわ ようへい,67,1954年09月11日,男,A,kitagawa_911@example.com,0133-17-1595,090-2765-8883,070-0431,北海道札幌市厚別区厚別中央三条3-2-209,,5555036334333285,01/27,375491443301
菅沼 孝至,すがぬま たかし,36,1986年06月29日,男,O,suganuma_629@example.com,03-8004-9477,050-9068-5274,169-3779,東京都中央区日本橋本町2-2-21,有限会社高橋組,4000856859032093,02/26,143531549924
新城 朋子,しんじょう ともこ,26,1995年10月13日,女,O,shinjo_1013@example.com,03-2373-8291,090-7934-0489,120-2311,東京都台東区台東2丁目3番地6号,株式会社ヒロ,378857848449556,10/25,552936346653
吉澤 正剛,よしざわ せいごう,23,1998年10月14日,男,A,seigo_yoshizawa@example.co.jp,03-4038-7989,050-1724-7704,165-8048,東京都墨田区江東橋3-5-7,株式会社オフィスK,5350405894208822,05/25,537952135965
加畑 博志,かばた ひろし,79,1943年05月15日,男,O,hiroshi_kabata@example.jp,06-6396-5126,080-2861-3061,594-5027,大阪府大阪市北区天神橋3丁目3番5号,,378652089269981,12/26,852184718622
蓮見 慎太郎,はすみ しんたろう,54,1967年12月05日,男,O,hasumi_shintaro@example.jp,03-2037-5648,090-5672-3799,154-5050,東京都杉並区高円寺北2-5-503,株式会社サンズ,377041511895251,09/26,856638816867
松山 和哉,まつやま かずや,55,1967年06月11日,男,O,matsuyama_611@example.com,0439-62-7003,050-1850-6039,288-7826,千葉県習志野市東習志野1-5-19,株式会社イーテック,5355439027542273,06/24,136150260018
福井 仁美,ふくい ひとみ,61,1961年07月20日,その他・不明,B,hitomifukui@example.net,0833-70-2741,070-8216-9687,751-5607,山口県岩国市南岩国町2-4-9,,3551615950958795,11/23,003710990459
今井 祐輔,いまい ゆうすけ,49,1973年08月16日,男,O,imaiyusuke@example.co.jp,06-6879-0682,070-5624-4467,593-7158,大阪府大阪市北区西天満2-5-16,有限会社大地,3533271217193587,10/26,059478878324
武内 慎太郎,たけうち しんたろう,30,1992年08月15日,男,O,shintaro_takeuchi@example.ne.jp,0565-23-7920,050-6651-6867,454-5499,愛知県名古屋市中村区名駅1丁目1番9号,株式会社ミューズ,4280669304460673,08/25,395140238567
奥山 奈実,おくやま なみ,20,2001年12月07日,女,B,namiokuyama@example.co.jp,0773-90-1571,080-1386-6207,622-2311,京都府京都市東山区清水1丁目3番5号,有限会社テイクワン,4612478159205756,06/25,969857233884
村田 有祐,むらた ゆうすけ,38,1983年09月05日,その他・不明,B,muratayusuke@example.jp,03-7734-5804,050-9745-0799,192-4961,東京都杉並区下井草1-1-409,株式会社ミネルバ,4700221773790735,08/24,121683620566
伊藤 悠太,いとう ゆうた,22,1999年09月26日,男,O,itoyuta@example.jp,03-1937-7691,080-1921-6473,191-9762,東京都中央区日本橋室町4丁目2番地6号,,379671524303832,05/25,983829478807
小島 哲也,こじま てつや,30,1992年04月05日,男,A,tetsuyakojima@example.com,03-7906-3780,090-6664-8973,118-9979,東京都江戸川区東小松川4丁目2番3号,有限会社オーテック,4368732624434599,03/25,301377771966
渡邉 恵美,わたなべ えみ,34,1988年05月23日,女,A,watanabe523@example.com,01658-2-6252,080-2625-1221,090-1505,北海道札幌市北区北十八条西3-2-22,株式会社伊藤組,3575841587752102,03/26,216910509120
鈴木 伸昭,すずき のぶあき,38,1984年03月27日,男,B,nobuaki_suzuki@example.co.jp,0167-90-1196,050-0900-3883,003-4655,北海道札幌市北区北二十三条西3丁目3番地8号,株式会社イデアル,4010979879787765,04/25,966779643842
松本 玲子,まつもと れいこ,36,1986年07月17日,女,B,matsumoto_717@example.jp,03-9864-6568,080-5631-5715,110-5591,東京都渋谷区広尾2-2-6,株式会社タカラ,374127078822615,05/23,832629499240
北山 想,きたやま そう,68,1954年06月05日,女,A,kitayama_so@example.co.jp,0134-96-4705,090-0790-0776,058-6694,北海道札幌市中央区南二十四条西2-4-15,,5349723033424504,06/25,292590897559
上野 恵,うえの めぐみ,69,1952年12月03日,女,AB,uenomegumi@example.net,03-5574-7043,070-4237-4798,111-0978,東京都練馬区早宮1丁目1番地8号,,4271323050603752,10/22,393027852051
池田 創,いけだ はじめ,30,1992年02月20日,男,B,ikeda220@example.co.jp,0463-80-8537,080-5548-9801,235-5635,神奈川県相模原市中央区淵野辺1-1-203,有限会社アプト,5396828805730731,06/25,798695632284
山口 一毅,やまぐち かずき,20,2002年02月03日,男,A,kazuki_yamaguchi@example.com,0282-70-9268,090-9907-7427,321-4410,栃木県足利市通2-3-5,有限会社大塚工業,3533057632632055,06/23,342262860459
愛甲 祥子,あいこう しょうこ,24,1998年02月19日,女,A,aiko_shoko@example.jp,09802-6-1132,090-2639-9750,901-0304,沖縄県糸満市西崎町1丁目3番地8号,株式会社和興,3529269669334739,02/25,707664646249
長谷川 一輝,はせがわ かずき,40,1981年09月05日,男,O,kazukihasegawa@example.co.jp,0296-35-8672,080-3955-0632,306-0540,茨城県日立市東金沢町1-4-5,,3582182361025790,03/25,082634985677
坪田 勇気,つぼた ゆうき,47,1975年01月16日,男,A,tsubotayuki@example.org,03-3235-5114,050-3150-4231,112-8376,東京都港区赤坂3-2-13,有限会社フォーチュン,3554667476949730,03/26,315789334707
熊谷 章太,くまがい しょうた,50,1972年08月18日,男,O,shota_kumagai@example.org,03-6424-9767,090-0120-9483,185-2821,東京都江戸川区西一之江1-1-22,株式会社リバティ,374876494408215,02/25,689102744606
上原 哲平,うえはら てっぺい,36,1986年04月13日,男,A,teppeiuehara@example.com,03-5385-4506,080-1473-5441,154-1467,東京都大田区西六郷4丁目2番4号,有限会社末広,4538452752092961,02/24,407789793754
中山 華恵,なかやま はなえ,65,1956年11月05日,女,B,nakayama_hanae@example.co.jp,06-4234-0077,070-7393-4446,571-9194,大阪府大阪市北区西天満2丁目3番8号,,5508179282127362,05/25,404744464084
